id,first_name,last_name,email,gender,ip_address
1,Kala,Gurr,kgurr0@dropbox.com,Female,31.23.55.191
2,Devina,Sudy,dsudy1@cnet.com,Female,223.211.197.241
3,Berne,Ciciura,bciciura2@unesco.org,Male,209.77.5.140
4,Whitaker,Golagley,wgolagley3@abc.net.au,Male,222.121.81.38
5,Axe,Martijn,amartijn4@comcast.net,Male,205.201.202.33
6,Tad,Alty,talty5@netvibes.com,Male,85.170.73.225
7,Kristo,Messent,kmessent6@rambler.ru,Agender,107.149.50.224
8,Alva,Stamps,astamps7@shareasale.com,Male,44.15.45.209
9,Howey,Gonnely,hgonnely8@nhs.uk,Male,12.149.168.160
10,Rees,Foxten,rfoxten9@parallels.com,Male,139.49.162.166
11,Mireielle,Pestell,mpestella@parallels.com,Female,196.15.254.71
12,Ellswerth,Hastelow,ehastelowb@nba.com,Male,105.50.72.27
13,Hurley,Bengough,hbengoughc@npr.org,Male,190.172.28.219
14,Aguie,Ravenscroftt,aravenscrofttd@nyu.edu,Male,169.20.182.85
15,Matty,Orritt,morritte@reddit.com,Male,93.166.202.19
16,Mallory,Abbatt,mabbattf@google.fr,Female,114.101.51.75
17,Katerina,McWard,kmcwardg@nifty.com,Female,107.72.88.23
18,Shaughn,Fillary,sfillaryh@bandcamp.com,Male,220.186.27.172
19,Wendi,Sherburn,wsherburni@globo.com,Female,111.63.148.223
20,Raf,Deverick,rdeverickj@unicef.org,Bigender,218.143.154.143
21,Byran,Pentycost,bpentycostk@amazon.co.jp,Male,72.2.222.200
22,Letitia,Gegg,lgeggl@rambler.ru,Female,139.154.197.197
23,Luther,Plain,lplainm@wisc.edu,Male,163.153.106.98
24,Marchelle,Duplan,mduplann@odnoklassniki.ru,Female,48.231.133.226
25,Hyatt,Westmoreland,hwestmorelando@census.gov,Male,72.178.170.214
26,Wynn,Bouda,wboudap@dedecms.com,Male,90.90.196.215
27,Leoine,Fouracres,lfouracresq@gmpg.org,Female,103.19.58.214
28,Faye,Cousen,fcousenr@eepurl.com,Female,224.119.166.12
29,Bess,Summerell,bsummerells@usa.gov,Female,90.124.90.8
30,Blithe,Beahan,bbeahant@google.fr,Female,205.43.196.249
31,Humphrey,Byers,hbyersu@tamu.edu,Male,122.80.55.160
32,Lorrin,Dollard,ldollardv@cam.ac.uk,Female,9.181.140.160
33,Claiborne,Gobolos,cgobolosw@nps.gov,Male,79.88.252.104
34,Riannon,Fairfoull,rfairfoullx@marketwatch.com,Female,170.60.13.167
35,Andras,Wathall,awathally@symantec.com,Male,3.12.4.79
36,Ulberto,Leefe,uleefez@elpais.com,Genderqueer,196.255.104.196
37,Perry,Newcome,pnewcome10@shareasale.com,Male,124.54.156.140
38,Bradan,Dolbey,bdolbey11@xing.com,Male,40.23.188.44
39,Banky,Ormshaw,bormshaw12@tripod.com,Male,59.140.206.226
40,Denny,Chapiro,dchapiro13@sphinn.com,Male,112.32.235.157
41,Agace,Birnie,abirnie14@xing.com,Female,100.255.65.174
42,Ruprecht,Scotfurth,rscotfurth15@quantcast.com,Male,101.189.26.118
43,Rozina,McGaughey,rmcgaughey16@ustream.tv,Female,96.201.155.25
44,Fedora,Doswell,fdoswell17@hexun.com,Female,252.120.23.37
45,Emlynne,McDoual,emcdoual18@cnet.com,Female,26.217.182.146
46,Bronny,Bleiman,bbleiman19@hugedomains.com,Male,159.85.131.120
47,Hans,Le Fleming,hlefleming1a@ifeng.com,Male,115.111.95.40
48,Marthena,Knowles,mknowles1b@chronoengine.com,Bigender,156.118.62.8
49,Margarethe,Vaughn,mvaughn1c@thetimes.co.uk,Female,65.98.110.215
50,Timoteo,Falls,tfalls1d@tmall.com,Male,45.144.26.107
51,Giff,Frosch,gfrosch1e@miibeian.gov.cn,Male,19.53.181.167
52,Ardelle,Carbert,acarbert1f@tuttocitta.it,Female,117.154.12.23
53,Camille,Josefovic,cjosefovic1g@ycombinator.com,Female,203.182.9.153
54,Waldo,Inkpen,winkpen1h@java.com,Male,152.117.128.181
55,Maggy,Ateggart,mateggart1i@ft.com,Female,53.170.159.251
56,Hart,Snozzwell,hsnozzwell1j@lycos.com,Male,204.72.69.14
57,Griffin,Anfusso,ganfusso1k@hexun.com,Male,22.187.215.192
58,Rodd,Britnell,rbritnell1l@wired.com,Male,36.12.3.83
59,Amata,Fanti,afanti1m@buzzfeed.com,Female,252.100.18.1
60,Jakob,Plail,jplail1n@ow.ly,Male,99.66.166.113
61,Bernardina,Cordeau],bcordeau1o@va.gov,Genderqueer,128.148.84.49
62,Elston,Aiers,eaiers1p@spotify.com,Male,83.59.66.126
63,Maisie,Pittendreigh,mpittendreigh1q@mtv.com,Female,78.225.87.50
64,Lilllie,Ayres,layres1r@de.vu,Female,165.194.152.155
65,Granthem,Spaughton,gspaughton1s@furl.net,Male,24.126.33.250
66,Arne,Luffman,aluffman1t@technorati.com,Male,54.15.120.185
67,Yulma,Parken,yparken1u@blogger.com,Male,132.44.147.16
68,Ossie,Mapledoore,omapledoore1v@kickstarter.com,Male,36.64.144.124
69,Silvio,Lain,slain1w@mayoclinic.com,Male,131.103.54.235
70,Theo,Milington,tmilington1x@github.com,Female,231.182.15.61
71,Benyamin,Todaro,btodaro1y@alexa.com,Male,217.195.209.14
72,Matthus,Balsdone,mbalsdone1z@dion.ne.jp,Male,113.73.53.163
73,Heddi,Espinheira,hespinheira20@zdnet.com,Female,7.71.56.236
74,Henryetta,Gamwell,hgamwell21@ted.com,Genderqueer,26.51.146.110
75,Glenn,Cogman,gcogman22@edublogs.org,Female,159.141.182.18
76,Brant,Ashford,bashford23@vkontakte.ru,Male,142.113.122.246
77,Katalin,Umney,kumney24@fotki.com,Female,160.114.205.106
78,Gerard,Luto,gluto25@businessweek.com,Male,47.191.226.72
79,Kelcy,Dailly,kdailly26@buzzfeed.com,Female,48.243.190.198
80,Vaughan,Novotne,vnovotne27@usatoday.com,Male,239.244.210.30
81,Timothea,Maundrell,tmaundrell28@domainmarket.com,Female,107.209.1.72
82,Pierson,Southeran,psoutheran29@icq.com,Male,20.101.117.109
83,Rory,Grishagin,rgrishagin2a@timesonline.co.uk,Female,3.237.252.49
84,Yasmin,Shere,yshere2b@amazonaws.com,Polygender,213.53.243.96
85,Leena,Wicken,lwicken2c@state.tx.us,Female,67.0.170.126
86,Fonzie,Druhan,fdruhan2d@sciencedirect.com,Male,138.176.15.84
87,Teresita,Hutcheon,thutcheon2e@ask.com,Female,185.29.175.184
88,Curry,L'Episcopi,clepiscopi2f@nasa.gov,Male,238.230.60.200
89,Babbette,Hylands,bhylands2g@hexun.com,Genderfluid,57.237.216.216
90,Dennis,Hackly,dhackly2h@latimes.com,Male,111.189.106.35
91,Rustin,Crut,rcrut2i@bloglines.com,Male,197.149.9.213
92,Hynda,Roscow,hroscow2j@washington.edu,Female,87.229.2.130
93,Llywellyn,Szymanowicz,lszymanowicz2k@google.co.uk,Male,71.204.118.247
94,Brina,Coushe,bcoushe2l@google.com,Female,65.101.183.119
95,Erskine,Kilfeather,ekilfeather2m@dot.gov,Male,250.17.185.10
96,Jeniffer,Murison,jmurison2n@paypal.com,Female,136.94.60.11
97,Martie,Lisciandro,mlisciandro2o@usatoday.com,Male,141.245.9.116
98,Sargent,Grimme,sgrimme2p@home.pl,Male,112.183.215.61
99,Antoni,Eckels,aeckels2q@indiegogo.com,Bigender,236.0.110.120
100,Liz,Faulconer,lfaulconer2r@macromedia.com,Female,129.219.81.98
101,Howard,Izzard,hizzard2s@google.ca,Male,95.67.102.69
102,Pierre,Nardi,pnardi2t@usnews.com,Male,247.82.11.224
103,Dickie,Hardcastle,dhardcastle2u@wix.com,Male,133.102.230.192
104,Padget,Pickover,ppickover2v@bandcamp.com,Male,29.188.69.169
105,Cherry,Sawell,csawell2w@hostgator.com,Female,109.230.38.75
106,Jessie,Clemoes,jclemoes2x@zimbio.com,Male,69.185.184.93
107,Vanni,Jeacock,vjeacock2y@odnoklassniki.ru,Female,250.77.138.23
108,Ethelbert,Drennan,edrennan2z@theglobeandmail.com,Male,63.251.209.191
109,Dniren,Lissandrini,dlissandrini30@pagesperso-orange.fr,Female,1.129.117.151
110,Romain,Henkmann,rhenkmann31@ox.ac.uk,Male,197.226.20.209
111,Stearn,Halbert,shalbert32@fc2.com,Male,229.94.129.20
112,Annabal,Suddell,asuddell33@mac.com,Female,69.213.134.144
113,Rosaleen,Garman,rgarman34@cdbaby.com,Female,196.128.172.133
114,Terra,Denniston,tdenniston35@sfgate.com,Female,127.151.224.219
115,Camel,Gammons,cgammons36@cbslocal.com,Female,90.140.89.209
116,Jobi,Haveline,jhaveline37@independent.co.uk,Female,116.155.224.246
117,Masha,Dyet,mdyet38@feedburner.com,Female,20.86.35.46
118,Curtis,Hodgen,chodgen39@accuweather.com,Male,232.183.154.59
119,Giacobo,Fawdry,gfawdry3a@elegantthemes.com,Male,58.40.23.74
120,Trixi,Ickeringill,tickeringill3b@cloudflare.com,Female,253.144.176.201
121,Hillier,Kimmings,hkimmings3c@latimes.com,Agender,75.173.240.109
122,Salem,Clacey,sclacey3d@tripod.com,Genderfluid,180.181.38.108
123,Theressa,Matyashev,tmatyashev3e@w3.org,Female,206.70.167.152
124,Robers,Pitcaithly,rpitcaithly3f@guardian.co.uk,Male,64.101.199.79
125,Levey,Gentreau,lgentreau3g@accuweather.com,Male,127.170.182.66
126,Marten,Lindsey,mlindsey3h@theguardian.com,Male,13.43.64.109
127,Kermie,Fidler,kfidler3i@walmart.com,Male,147.26.93.55
128,Ediva,Randle,erandle3j@naver.com,Female,249.162.141.185
129,Oralie,Bitten,obitten3k@linkedin.com,Female,42.172.40.25
130,Lauretta,Haynesford,lhaynesford3l@webs.com,Female,33.234.62.106
131,Alexandr,Screwton,ascrewton3m@mayoclinic.com,Male,98.76.176.0
132,Pepita,Mathonnet,pmathonnet3n@e-recht24.de,Female,42.252.72.192
133,Carling,MacLaughlin,cmaclaughlin3o@infoseek.co.jp,Male,26.88.251.94
134,Jaimie,Andree,jandree3p@mayoclinic.com,Female,204.140.20.125
135,Tove,Prangley,tprangley3q@buzzfeed.com,Female,120.124.246.159
136,Harlene,Wigan,hwigan3r@hubpages.com,Female,69.51.223.142
137,Nick,Rizzillo,nrizzillo3s@archive.org,Male,5.214.225.74
138,Chase,Blague,cblague3t@newsvine.com,Male,70.241.27.219
139,Casper,Autie,cautie3u@purevolume.com,Male,33.95.198.73
140,Tobe,Shovlin,tshovlin3v@about.me,Male,223.14.168.225
141,Barney,Glasard,bglasard3w@canalblog.com,Male,29.255.229.114
142,Alli,Gerlts,agerlts3x@go.com,Female,13.173.124.122
143,Windham,Dimmock,wdimmock3y@tiny.cc,Male,185.68.139.66
144,Erek,Spada,espada3z@ted.com,Male,164.88.31.29
145,Vinnie,Eakens,veakens40@google.com.au,Female,189.23.123.64
146,Birk,Briston,bbriston41@amazon.de,Male,21.164.135.51
147,Atlante,Payle,apayle42@pagesperso-orange.fr,Non-binary,69.194.19.125
148,Godfry,Millimoe,gmillimoe43@smugmug.com,Male,207.3.0.71
149,Carmelita,Sutterby,csutterby44@scientificamerican.com,Female,57.26.59.181
150,Kinnie,Texton,ktexton45@topsy.com,Male,155.208.214.3
151,Mata,Hyrons,mhyrons46@cdc.gov,Male,59.8.15.81
152,Berton,Pods,bpods47@posterous.com,Male,165.165.169.6
153,Sofia,Bolderson,sbolderson48@kickstarter.com,Female,216.105.211.114
154,Stace,Defty,sdefty49@wordpress.org,Genderqueer,55.131.127.173
155,Bobbie,Innott,binnott4a@answers.com,Female,86.189.161.109
156,Dalli,Angric,dangric4b@hibu.com,Male,51.81.108.172
157,Miran,Brine,mbrine4c@gnu.org,Female,164.126.48.30
158,Carly,Casaccia,ccasaccia4d@sfgate.com,Male,85.138.72.117
159,Lolly,Gerard,lgerard4e@rediff.com,Female,198.85.182.61
160,Edin,Boulde,eboulde4f@multiply.com,Female,166.64.116.246
161,Edwina,Sharrard,esharrard4g@flavors.me,Female,17.80.32.56
162,Maura,Gertray,mgertray4h@multiply.com,Female,230.146.78.236
163,Marc,Avramovitz,mavramovitz4i@meetup.com,Male,182.174.215.226
164,Vasily,deKnevet,vdeknevet4j@themeforest.net,Male,125.59.198.188
165,Hagan,Johnson,hjohnson4k@topsy.com,Male,230.118.127.94
166,Adrien,Campelli,acampelli4l@godaddy.com,Polygender,168.75.248.148
167,Stella,Hatcher,shatcher4m@example.com,Female,170.240.85.2
168,Dame,Pratchett,dpratchett4n@people.com.cn,Male,124.16.216.25
169,Ernesto,Anfusso,eanfusso4o@columbia.edu,Male,63.51.249.155
170,Benny,Tchir,btchir4p@toplist.cz,Male,28.167.67.194
171,Hallsy,Younger,hyounger4q@php.net,Male,122.15.150.73
172,Hildegaard,Tompkiss,htompkiss4r@amazonaws.com,Female,169.64.110.243
173,Ellary,Auchterlony,eauchterlony4s@narod.ru,Male,62.202.231.127
174,Anthiathia,Kleint,akleint4t@cornell.edu,Female,16.162.164.56
175,Nealon,Dowling,ndowling4u@domainmarket.com,Male,176.228.253.127
176,Hymie,Killgus,hkillgus4v@youtu.be,Male,44.75.187.178
177,May,Maginot,mmaginot4w@weibo.com,Female,93.254.168.79
178,Antonino,Vasic,avasic4x@google.nl,Male,77.191.128.187
179,Harvey,Pietraszek,hpietraszek4y@sitemeter.com,Male,43.161.35.11
180,Cly,Medmore,cmedmore4z@vinaora.com,Male,110.97.212.111
181,Zea,Kos,zkos50@elpais.com,Female,131.60.155.240
182,Mitchell,Learman,mlearman51@exblog.jp,Male,25.122.94.75
183,Nikolas,Brecken,nbrecken52@wordpress.org,Male,215.59.68.214
184,Hamel,Courage,hcourage53@biblegateway.com,Male,164.229.87.124
185,Audry,Conaboy,aconaboy54@squidoo.com,Female,203.80.181.172
186,Ninette,Blofeld,nblofeld55@tmall.com,Female,209.251.124.131
187,Eugenius,Tesh,etesh56@indiatimes.com,Genderqueer,16.172.240.29
188,Karoly,Earngy,kearngy57@foxnews.com,Female,84.104.57.124
189,Brinna,Gallop,bgallop58@themeforest.net,Female,249.28.237.44
190,Dorelle,Font,dfont59@github.com,Non-binary,130.87.199.60
191,Elvis,Hinder,ehinder5a@discuz.net,Male,86.31.28.103
192,Calv,Dyne,cdyne5b@unc.edu,Agender,253.12.73.216
193,Grant,Markovic,gmarkovic5c@multiply.com,Genderfluid,95.116.230.252
194,Delores,Aylwin,daylwin5d@vk.com,Female,177.8.51.66
195,Dulcea,Morgue,dmorgue5e@ucoz.ru,Female,233.115.219.44
196,Michelina,Tremathick,mtremathick5f@google.pl,Female,105.225.126.205
197,Charlotta,Bowmer,cbowmer5g@skyrock.com,Female,71.16.103.1
198,Daisie,Eton,deton5h@webeden.co.uk,Female,169.42.34.119
199,Claudelle,Vedeshkin,cvedeshkin5i@trellian.com,Female,107.54.81.35
200,Kyla,Mugg,kmugg5j@unc.edu,Non-binary,203.156.40.145
201,Arabela,Hedworth,ahedworth5k@washington.edu,Female,131.243.26.209
202,Drew,Perrett,dperrett5l@nhs.uk,Male,138.51.18.95
203,Beau,Muslim,bmuslim5m@nih.gov,Male,42.162.54.84
204,Doroteya,Bevans,dbevans5n@jimdo.com,Female,51.36.184.56
205,Goober,Dufer,gdufer5o@usa.gov,Male,118.166.141.51
206,Hilario,Cartmell,hcartmell5p@dailymail.co.uk,Male,33.215.59.55
207,Angele,Soro,asoro5q@nyu.edu,Female,33.118.217.246
208,Jackson,Breens,jbreens5r@mail.ru,Male,106.31.167.7
209,Merrili,Banford,mbanford5s@apache.org,Female,194.37.180.180
210,Marian,Bunford,mbunford5t@timesonline.co.uk,Bigender,71.178.119.173
211,Friedrick,Bendixen,fbendixen5u@stumbleupon.com,Male,23.28.51.144
212,Olag,Frisel,ofrisel5v@squarespace.com,Male,91.171.192.82
213,Alexa,Bunner,abunner5w@nymag.com,Female,104.181.206.6
214,Thaddeus,Cockell,tcockell5x@stumbleupon.com,Male,252.36.105.246
215,Byrle,Valentine,bvalentine5y@dropbox.com,Male,76.220.35.249
216,Marya,Convery,mconvery5z@oracle.com,Female,64.253.249.168
217,Lucio,Knight,lknight60@mapy.cz,Male,191.15.66.243
218,Evangeline,Gilligan,egilligan61@howstuffworks.com,Female,118.172.84.211
219,Terrye,Biasotti,tbiasotti62@weather.com,Female,2.229.186.132
220,Luigi,Graveston,lgraveston63@tuttocitta.it,Male,181.96.129.140
221,Isidoro,Bescoby,ibescoby64@networksolutions.com,Agender,155.51.249.204
222,Stepha,Boule,sboule65@studiopress.com,Female,108.94.14.247
223,Florrie,Danat,fdanat66@wunderground.com,Female,129.127.130.161
224,Tamarah,Sywell,tsywell67@tinypic.com,Female,150.230.13.127
225,Heinrick,Ninnoli,hninnoli68@furl.net,Male,200.164.166.82
226,Lindy,Petrenko,lpetrenko69@wisc.edu,Female,84.250.37.230
227,Kennie,Raoul,kraoul6a@techcrunch.com,Male,125.91.192.91
228,Emilio,Spoor,espoor6b@hostgator.com,Male,235.111.65.12
229,Cly,Doul,cdoul6c@bravesites.com,Male,27.128.30.51
230,Dimitry,Bowcock,dbowcock6d@sakura.ne.jp,Male,240.149.230.73
231,Shay,Oppery,soppery6e@cpanel.net,Female,183.33.144.74
232,Merci,Kings,mkings6f@google.it,Female,71.113.110.150
233,Lyn,Normadell,lnormadell6g@independent.co.uk,Male,64.9.116.81
234,Ben,Clewarth,bclewarth6h@spotify.com,Male,81.36.202.70
235,Alec,Packham,apackham6i@comsenz.com,Bigender,150.218.177.12
236,Vanna,McCarrick,vmccarrick6j@google.ru,Female,60.197.145.14
237,Harriet,Mitchelhill,hmitchelhill6k@stanford.edu,Female,10.163.108.68
238,Mariam,Tobin,mtobin6l@disqus.com,Female,97.238.61.8
239,Melly,Kite,mkite6m@g.co,Female,209.91.245.76
240,Riva,Basil,rbasil6n@google.ru,Female,158.230.101.1
241,Catherine,Legier,clegier6o@sciencedaily.com,Female,245.77.125.63
242,Minne,Fike,mfike6p@geocities.com,Female,72.81.47.34
243,Sorcha,Wild,swild6q@sitemeter.com,Female,144.202.189.115
244,Brnaby,Blasoni,bblasoni6r@utexas.edu,Male,253.9.148.9
245,Etienne,Dearman,edearman6s@people.com.cn,Male,8.5.219.201
246,Nevil,Jahnke,njahnke6t@wired.com,Male,98.42.142.193
247,Skippie,Kochel,skochel6u@ycombinator.com,Male,13.166.194.100
248,Fionnula,Bosence,fbosence6v@mozilla.com,Female,34.142.42.215
249,Dino,Flintoffe,dflintoffe6w@t-online.de,Male,24.2.52.207
250,Kalle,Barnaclough,kbarnaclough6x@hp.com,Male,81.10.58.249
251,Jeremie,Lattie,jlattie6y@dailymotion.com,Male,237.237.16.111
252,Eolanda,Seymer,eseymer6z@google.it,Female,147.203.24.115
253,Shari,McMorran,smcmorran70@odnoklassniki.ru,Female,137.57.244.74
254,Kevon,Robardet,krobardet71@parallels.com,Male,254.83.158.120
255,Lela,Clifford,lclifford72@usgs.gov,Female,193.186.167.132
256,Aldridge,Trembey,atrembey73@hud.gov,Male,103.221.153.207
257,Shelton,Bowry,sbowry74@wix.com,Male,92.143.163.114
258,Dehlia,Horick,dhorick75@tmall.com,Female,111.186.87.209
259,Ernaline,Giurio,egiurio76@pagesperso-orange.fr,Polygender,43.190.3.106
260,Cindee,Underdown,cunderdown77@weebly.com,Female,139.135.188.199
261,Flossi,Febry,ffebry78@bloglines.com,Female,119.214.18.124
262,Betti,Kegley,bkegley79@salon.com,Female,22.243.109.134
263,Daisy,Arlt,darlt7a@hostgator.com,Female,50.120.88.95
264,Nap,Simenon,nsimenon7b@blogger.com,Male,249.95.49.228
265,Raleigh,Walewski,rwalewski7c@delicious.com,Male,27.61.114.74
266,Ree,Beasant,rbeasant7d@answers.com,Female,185.233.132.200
267,Carlita,Coverdill,ccoverdill7e@seesaa.net,Female,17.137.128.119
268,Burgess,Tipperton,btipperton7f@homestead.com,Male,217.166.247.6
269,Granville,Daugherty,gdaugherty7g@google.co.jp,Male,154.180.0.3
270,Merola,Andrivot,mandrivot7h@boston.com,Female,222.107.240.232
271,Spencer,Surmon,ssurmon7i@slideshare.net,Male,237.31.9.27
272,Fionnula,Kearey,fkearey7j@xing.com,Female,224.169.106.169
273,Fredrick,Gretham,fgretham7k@omniture.com,Genderqueer,47.37.159.48
274,Cordie,Stopps,cstopps7l@scientificamerican.com,Female,234.128.98.205
275,May,Killelea,mkillelea7m@aol.com,Female,5.35.99.39
276,Hallie,Jammet,hjammet7n@ocn.ne.jp,Female,133.116.3.126
277,Kip,Dawbury,kdawbury7o@constantcontact.com,Female,239.156.112.61
278,Ainsley,MacGuiness,amacguiness7p@whitehouse.gov,Female,134.166.107.158
279,Allayne,Liebmann,aliebmann7q@moonfruit.com,Male,84.138.7.175
280,Tann,Pullin,tpullin7r@netscape.com,Male,43.245.187.185
281,Freddie,Kleimt,fkleimt7s@gnu.org,Male,89.20.165.104
282,Camella,Kupec,ckupec7t@domainmarket.com,Female,226.246.87.208
283,Bord,Saxby,bsaxby7u@businesswire.com,Male,213.130.197.17
284,Laurie,Hovenden,lhovenden7v@jimdo.com,Male,71.107.129.239
285,Joshua,Wison,jwison7w@nps.gov,Male,144.36.98.233
286,Eberto,Marlon,emarlon7x@harvard.edu,Male,253.148.16.95
287,Panchito,Brewitt,pbrewitt7y@geocities.com,Male,147.36.140.17
288,Joell,Clemitt,jclemitt7z@bbc.co.uk,Female,153.184.125.201
289,Zack,McAtamney,zmcatamney80@amazonaws.com,Male,91.174.240.182
290,Peter,Dews,pdews81@bandcamp.com,Male,112.226.81.170
291,Alvie,Fallis,afallis82@xrea.com,Male,237.209.12.137
292,Clemente,Lathwell,clathwell83@chronoengine.com,Male,4.154.32.108
293,Cosme,Shuttlewood,cshuttlewood84@mashable.com,Male,59.196.69.6
294,Alva,Saul,asaul85@stanford.edu,Male,131.18.226.60
295,Finlay,Speed,fspeed86@istockphoto.com,Male,227.25.179.150
296,Guilbert,Hillyatt,ghillyatt87@ezinearticles.com,Male,159.31.255.168
297,Ellerey,Shalloe,eshalloe88@fc2.com,Non-binary,207.133.237.30
298,Bron,Wisniowski,bwisniowski89@blogspot.com,Male,228.84.121.158
299,Gregorio,Choke,gchoke8a@virginia.edu,Male,208.67.58.173
300,Elizabet,Uccelli,euccelli8b@hud.gov,Female,190.143.60.138
301,Tiffi,Mitchely,tmitchely8c@vimeo.com,Female,185.0.190.202
302,Addi,Ambrozik,aambrozik8d@soundcloud.com,Female,242.145.33.41
303,Tedmund,Jakolevitch,tjakolevitch8e@ezinearticles.com,Male,200.149.12.240
304,Miguelita,Cuncarr,mcuncarr8f@google.com.hk,Female,7.21.108.26
305,Nataniel,Izatt,nizatt8g@yale.edu,Genderfluid,175.13.178.154
306,Erek,Kuhndel,ekuhndel8h@hibu.com,Male,126.33.8.72
307,Danit,Bygott,dbygott8i@addthis.com,Female,76.74.27.222
308,Constanta,Vannoni,cvannoni8j@discuz.net,Female,31.0.149.129
309,Marylin,Packington,mpackington8k@woothemes.com,Female,165.35.159.73
310,Onida,Rozier,orozier8l@ed.gov,Female,138.15.110.207
311,Emelda,Salvati,esalvati8m@phpbb.com,Female,13.74.181.5
312,Raddie,Baldung,rbaldung8n@quantcast.com,Male,78.158.19.215
313,Lindsey,Gawith,lgawith8o@illinois.edu,Male,69.196.4.193
314,Zebulon,Langwade,zlangwade8p@hubpages.com,Male,87.205.106.30
315,Gerrie,Belchamp,gbelchamp8q@columbia.edu,Polygender,117.100.2.84
316,Cherish,Nockells,cnockells8r@craigslist.org,Female,62.70.241.90
317,Brodie,Aloshechkin,baloshechkin8s@mit.edu,Male,54.196.92.18
318,Wyatt,Stirman,wstirman8t@howstuffworks.com,Male,12.19.77.216
319,Jeffie,Biasini,jbiasini8u@4shared.com,Male,122.65.85.68
320,Veronike,Beevor,vbeevor8v@uol.com.br,Female,239.148.170.206
321,Eleonora,Spradbery,espradbery8w@gravatar.com,Female,6.118.219.249
322,Tommi,Millan,tmillan8x@so-net.ne.jp,Genderqueer,239.191.177.105
323,Hamlin,Gratten,hgratten8y@time.com,Male,2.218.234.75
324,Essie,Hubery,ehubery8z@wordpress.org,Female,7.113.187.196
325,Cyril,Chessum,cchessum90@umich.edu,Male,162.102.238.196
326,Marlo,Stiebler,mstiebler91@google.co.uk,Male,159.43.151.211
327,Armin,Blazi,ablazi92@cargocollective.com,Male,79.243.79.224
328,Rene,Geaney,rgeaney93@unicef.org,Male,220.45.73.190
329,Cristy,Tallet,ctallet94@woothemes.com,Female,218.212.59.123
330,Ilysa,Guyver,iguyver95@washington.edu,Female,175.247.164.74
331,Adella,Onion,aonion96@ucoz.com,Female,174.102.100.63
332,Jeniece,Duckitt,jduckitt97@devhub.com,Female,128.217.182.11
333,Jackie,McCreery,jmccreery98@apple.com,Female,170.194.204.204
334,Daffie,Weale,dweale99@scientificamerican.com,Female,235.125.101.245
335,Vania,Ansett,vansett9a@baidu.com,Female,144.128.83.54
336,Sauncho,Archell,sarchell9b@blogspot.com,Male,106.78.57.2
337,Gibby,Gillings,ggillings9c@booking.com,Male,75.127.99.143
338,Laurie,Zavattieri,lzavattieri9d@mail.ru,Female,167.204.146.130
339,Corbie,Yarker,cyarker9e@tmall.com,Male,75.127.123.91
340,Merrick,Vereker,mvereker9f@hp.com,Male,223.14.93.159
341,Antin,Nodin,anodin9g@google.nl,Male,84.49.102.43
342,Almeta,Highnam,ahighnam9h@epa.gov,Female,198.150.58.182
343,Dolorita,McMaster,dmcmaster9i@dion.ne.jp,Female,172.49.17.119
344,Kristos,Pantecost,kpantecost9j@istockphoto.com,Male,230.81.4.108
345,Jocelyne,Cheesman,jcheesman9k@eepurl.com,Female,214.115.204.115
346,Wanda,Barnwall,wbarnwall9l@geocities.jp,Female,229.141.175.24
347,Costa,Petrollo,cpetrollo9m@imageshack.us,Male,122.123.138.72
348,Rusty,Velte,rvelte9n@reference.com,Male,238.219.247.86
349,Silva,Wraighte,swraighte9o@amazon.co.jp,Agender,90.102.204.211
350,Heath,Robillard,hrobillard9p@amazon.de,Female,11.118.199.167
351,Hermon,Dobbins,hdobbins9q@amazon.co.jp,Male,17.18.78.1
352,Cletus,Dran,cdran9r@amazon.co.jp,Male,161.188.98.192
353,Tine,Smyth,tsmyth9s@narod.ru,Female,131.206.7.106
354,Jaynell,McAneny,jmcaneny9t@free.fr,Female,45.34.161.237
355,Maje,Kunes,mkunes9u@sourceforge.net,Bigender,129.252.224.208
356,Durward,Goligher,dgoligher9v@mit.edu,Male,230.200.29.228
357,Ferris,Blesli,fblesli9w@gov.uk,Male,195.179.247.122
358,Trude,Bridge,tbridge9x@ifeng.com,Female,254.255.62.175
359,Rochelle,Filippozzi,rfilippozzi9y@flavors.me,Female,156.64.51.182
360,Franklin,Egdal,fegdal9z@mashable.com,Male,228.79.9.127
361,Kamilah,Hagley,khagleya0@noaa.gov,Female,250.136.108.192
362,Doris,Crowson,dcrowsona1@scribd.com,Female,149.144.227.177
363,Garrick,Cowdry,gcowdrya2@ucsd.edu,Male,87.235.124.162
364,Florina,Angove,fangovea3@dagondesign.com,Agender,238.224.141.49
365,Jodie,Hawker,jhawkera4@springer.com,Female,52.206.26.39
366,Wyatt,O'Giany,wogianya5@weather.com,Male,230.218.216.177
367,Bobette,Coppens,bcoppensa6@google.ru,Female,138.159.46.192
368,Cortney,Stain,cstaina7@parallels.com,Female,31.201.165.54
369,Archibald,Gwalter,agwaltera8@themeforest.net,Male,168.128.115.37
370,Colby,Cancellieri,ccancellieria9@businessinsider.com,Male,0.249.63.55
371,Igor,Bidwell,ibidwellaa@friendfeed.com,Male,140.62.226.89
372,Ferd,Unworth,funworthab@noaa.gov,Male,30.90.130.71
373,Clarita,Bowdon,cbowdonac@geocities.jp,Agender,222.201.14.180
374,Analise,Rable,arablead@aboutads.info,Female,109.51.96.91
375,Faber,Albers,falbersae@mediafire.com,Genderfluid,132.72.250.238
376,Hyatt,Berns,hbernsaf@psu.edu,Male,87.120.161.232
377,Bobbe,Boardman,bboardmanag@google.fr,Female,92.30.227.76
378,Aland,Jewiss,ajewissah@angelfire.com,Male,19.69.220.222
379,Bambi,Belvin,bbelvinai@va.gov,Female,37.244.3.214
380,Bil,Lealle,blealleaj@google.com.br,Male,210.64.99.214
381,Manfred,Weavers,mweaversak@virginia.edu,Male,228.55.37.29
382,Perren,Tarn,ptarnal@slashdot.org,Male,142.220.43.35
383,Marline,De La Coste,mdelacosteam@amazon.de,Female,45.154.206.238
384,Janean,Paschek,jpaschekan@liveinternet.ru,Female,86.34.69.129
385,Malorie,Goldsbrough,mgoldsbroughao@smugmug.com,Female,169.225.122.55
386,Elysha,Mowday,emowdayap@fda.gov,Female,65.38.11.75
387,Hadley,Crocroft,hcrocroftaq@dion.ne.jp,Male,69.39.228.234
388,Abe,Fehely,afehelyar@oaic.gov.au,Male,81.38.53.10
389,Bryn,Dows,bdowsas@weather.com,Female,23.234.126.240
390,Devan,Smurfitt,dsmurfittat@eepurl.com,Female,225.37.230.205
391,Marty,Colleymore,mcolleymoreau@mit.edu,Non-binary,62.233.181.74
392,Gannon,Dyball,gdyballav@skype.com,Male,248.50.103.5
393,Dillon,Mulrooney,dmulrooneyaw@e-recht24.de,Bigender,66.139.1.124
394,Kent,Labes,klabesax@mapquest.com,Male,211.234.150.174
395,Merell,Ewells,mewellsay@cisco.com,Male,18.39.41.164
396,Gwenny,Leguey,glegueyaz@omniture.com,Polygender,84.20.186.73
397,Wyn,Lyptrade,wlyptradeb0@blogger.com,Male,22.35.165.3
398,Leopold,Goode,lgoodeb1@uiuc.edu,Male,120.129.145.49
399,Eirena,Lambarton,elambartonb2@xrea.com,Female,102.21.164.53
400,Ebeneser,Huffy,ehuffyb3@nba.com,Male,40.254.13.3
401,Court,Ruppeli,cruppelib4@columbia.edu,Bigender,84.233.199.217
402,Junette,Rounce,jrounceb5@goo.gl,Female,144.184.98.234
403,Renate,Brand,rbrandb6@redcross.org,Female,93.104.19.6
404,Brewster,Dodridge,bdodridgeb7@example.com,Male,142.62.83.132
405,Roberta,Yeowell,ryeowellb8@e-recht24.de,Female,147.213.130.215
406,Deanna,Yockley,dyockleyb9@sakura.ne.jp,Female,113.14.20.21
407,Yetta,Goudge,ygoudgeba@globo.com,Female,149.249.146.107
408,Godard,Eskrick,geskrickbb@google.cn,Male,120.106.107.176
409,Kelvin,Loomes,kloomesbc@wikimedia.org,Male,25.34.243.63
410,Jacobo,Lyffe,jlyffebd@ihg.com,Male,195.131.21.111
411,Tann,Legging,tleggingbe@sina.com.cn,Agender,1.133.181.208
412,Raoul,Lyne,rlynebf@blogs.com,Male,206.107.66.255
413,Gino,Cowderoy,gcowderoybg@wufoo.com,Male,4.96.187.133
414,Keslie,Sturridge,ksturridgebh@photobucket.com,Female,109.37.20.13
415,Fidel,Marchi,fmarchibi@wiley.com,Male,84.220.121.241
416,Fayette,Dilston,fdilstonbj@engadget.com,Female,128.134.229.103
417,Halli,France,hfrancebk@ezinearticles.com,Agender,138.235.147.91
418,Flint,Manus,fmanusbl@cdbaby.com,Male,118.70.244.111
419,Humfrid,Ismirnioglou,hismirniogloubm@craigslist.org,Male,105.143.220.192
420,Agnella,Pasfield,apasfieldbn@sogou.com,Female,150.190.70.95
421,Robert,Radden,rraddenbo@wikispaces.com,Male,0.135.89.210
422,Debora,Abadam,dabadambp@gizmodo.com,Female,89.237.64.14
423,Dot,Commings,dcommingsbq@tmall.com,Female,150.6.32.129
424,Carma,Littlepage,clittlepagebr@economist.com,Female,226.162.30.49
425,Sonni,Imos,simosbs@squidoo.com,Female,138.150.193.197
426,Julietta,Kleinfeld,jkleinfeldbt@baidu.com,Female,58.65.217.237
427,Rita,Frapwell,rfrapwellbu@ehow.com,Female,89.184.29.20
428,Herby,Cassie,hcassiebv@sfgate.com,Male,214.210.208.216
429,Whit,Wilcox,wwilcoxbw@ucsd.edu,Male,178.175.94.238
430,Celine,Ferrettini,cferrettinibx@toplist.cz,Female,44.48.68.96
431,Adriena,Gillfillan,agillfillanby@aol.com,Female,26.171.13.4
432,Haskel,Ivimey,hivimeybz@google.com.hk,Male,189.198.215.140
433,Anestassia,Cansdale,acansdalec0@house.gov,Female,16.171.57.55
434,Corry,Boerder,cboerderc1@mayoclinic.com,Female,27.24.12.203
435,Rafa,Lipscombe,rlipscombec2@un.org,Female,87.3.32.244
436,Batholomew,Phuprate,bphupratec3@istockphoto.com,Male,107.87.100.89
437,Mariele,McDell,mmcdellc4@state.tx.us,Female,115.68.151.107
438,Thorndike,Redborn,tredbornc5@hubpages.com,Male,190.247.84.188
439,Meyer,Walsham,mwalshamc6@godaddy.com,Male,204.160.32.205
440,Myrtle,Compston,mcompstonc7@wikimedia.org,Female,4.251.95.202
441,Bronny,Horlick,bhorlickc8@state.gov,Male,164.74.205.32
442,Ad,Gowans,agowansc9@geocities.com,Male,240.126.11.136
443,Auroora,Ferreo,aferreoca@over-blog.com,Female,48.106.9.197
444,Kurt,Skerm,kskermcb@zimbio.com,Male,47.159.252.251
445,Weston,Aslin,waslincc@alexa.com,Male,164.39.100.24
446,Lennie,Mulcaster,lmulcastercd@rakuten.co.jp,Male,253.159.9.190
447,Tyrone,Corbert,tcorbertce@loc.gov,Polygender,56.144.252.222
448,Sarge,Whiles,swhilescf@sina.com.cn,Male,176.190.65.4
449,Kerwinn,Kearn,kkearncg@netlog.com,Male,10.122.201.161
450,Washington,Roft,wroftch@tripod.com,Male,104.156.124.19
451,Nicolle,Berrygun,nberrygunci@nature.com,Female,164.215.198.213
452,Abran,Schettini,aschettinicj@phpbb.com,Male,55.80.95.32
453,Norean,Marmion,nmarmionck@deviantart.com,Female,29.124.19.36
454,Ronalda,Torritti,rtorritticl@pagesperso-orange.fr,Female,159.209.73.131
455,Kayley,Scuse,kscusecm@msu.edu,Female,170.224.61.195
456,Constantin,Benzi,cbenzicn@123-reg.co.uk,Male,111.90.13.88
457,Camella,Carloni,ccarlonico@opensource.org,Female,138.13.90.76
458,Ab,Badrick,abadrickcp@sina.com.cn,Male,130.253.184.89
459,Fabe,Dayne,fdaynecq@edublogs.org,Male,209.212.3.110
460,Gerrard,Millen,gmillencr@mediafire.com,Male,1.111.205.15
461,Schuyler,Sharville,ssharvillecs@bravesites.com,Male,6.220.0.31
462,Richard,Ludlem,rludlemct@discuz.net,Male,167.161.96.199
463,Tabor,Varah,tvarahcu@cam.ac.uk,Male,208.30.67.13
464,Eric,Auger,eaugercv@cbc.ca,Male,149.190.147.133
465,Stacie,Lotte,slottecw@yale.edu,Polygender,232.50.176.10
466,Cortie,Serris,cserriscx@abc.net.au,Male,160.141.129.34
467,Nick,Basketter,nbaskettercy@networkadvertising.org,Male,155.76.39.218
468,Inness,Lease,ileasecz@washington.edu,Polygender,130.69.80.45
469,Evyn,Goudy,egoudyd0@cam.ac.uk,Male,245.252.217.41
470,Edee,Walentynowicz,ewalentynowiczd1@purevolume.com,Female,103.166.241.234
471,Yance,Churms,ychurmsd2@list-manage.com,Male,62.23.103.18
472,Boyce,Comini,bcominid3@tiny.cc,Non-binary,42.9.56.122
473,Ardine,Karpychev,akarpychevd4@networksolutions.com,Female,22.238.73.197
474,Ferdy,Rickford,frickfordd5@slate.com,Male,93.178.61.37
475,Kristos,Le Prevost,kleprevostd6@cafepress.com,Genderfluid,139.125.79.54
476,Chas,Purcell,cpurcelld7@bloomberg.com,Male,158.33.168.238
477,Anastassia,Raleston,aralestond8@webs.com,Female,205.140.154.128
478,Kata,Lardier,klardierd9@elegantthemes.com,Female,52.151.101.228
479,Easter,Ambrosoni,eambrosonida@yelp.com,Genderqueer,193.15.2.124
480,Justino,Highnam,jhighnamdb@nps.gov,Male,13.137.96.140
481,Alphard,Hebbs,ahebbsdc@bloomberg.com,Genderqueer,39.190.75.247
482,Nell,Denington,ndeningtondd@myspace.com,Female,252.204.130.161
483,Flin,Troppmann,ftroppmannde@springer.com,Male,96.126.112.57
484,Errick,Simanenko,esimanenkodf@senate.gov,Bigender,214.189.230.153
485,Jeri,Enderle,jenderledg@java.com,Female,195.119.150.59
486,Brandy,Rosie,brosiedh@linkedin.com,Non-binary,120.31.220.142
487,Doria,Strongitharm,dstrongitharmdi@squidoo.com,Female,97.7.163.62
488,Morgan,Hatwell,mhatwelldj@dedecms.com,Male,240.19.133.66
489,Lishe,Shave,lshavedk@twitter.com,Non-binary,172.49.121.247
490,Alanson,Loggie,aloggiedl@trellian.com,Male,157.214.247.68
491,Tymon,De Pero,tdeperodm@amazon.com,Male,203.176.59.90
492,Tildy,Cainey,tcaineydn@prnewswire.com,Female,251.20.193.159
493,Briano,Percifull,bpercifulldo@newsvine.com,Male,198.164.92.227
494,Rhys,Luckes,rluckesdp@simplemachines.org,Bigender,0.79.252.134
495,Florida,Songust,fsongustdq@hibu.com,Agender,98.129.172.94
496,Inga,Marde,imardedr@foxnews.com,Female,143.53.60.25
497,Dickie,Frizzell,dfrizzellds@google.es,Male,112.207.20.26
498,Daveta,Cherrison,dcherrisondt@soundcloud.com,Female,78.8.90.34
499,Garrek,Bagehot,gbagehotdu@wikimedia.org,Male,141.143.219.20
500,Cleavland,Batcock,cbatcockdv@addtoany.com,Male,109.244.225.182
501,Elliott,Viger,evigerdw@canalblog.com,Male,165.60.19.230
502,Ardenia,Hoggan,ahoggandx@yahoo.co.jp,Female,76.9.159.99
503,Brenn,Bartozzi,bbartozzidy@samsung.com,Female,109.56.167.193
504,Tad,Murley,tmurleydz@drupal.org,Male,174.108.36.165
505,Scarface,Pearsall,spearsalle0@businesswire.com,Male,103.209.44.32
506,Gilli,Dowley,gdowleye1@zdnet.com,Genderqueer,168.138.13.48
507,Clemmie,Pensom,cpensome2@cbc.ca,Female,178.145.5.71
508,Waylen,Teese,wteesee3@mit.edu,Male,64.207.37.104
509,Giacinta,Burch,gburche4@imageshack.us,Female,210.236.84.54
510,Pall,Gribben,pgribbene5@unc.edu,Male,151.219.19.187
511,Traci,Twitchett,ttwitchette6@time.com,Female,2.49.250.99
512,Granthem,Bossom,gbossome7@1688.com,Male,205.113.251.137
513,Rycca,Ladbrook,rladbrooke8@networkadvertising.org,Female,156.254.92.77
514,Candis,McNally,cmcnallye9@jiathis.com,Female,83.93.148.164
515,Elianore,M'Quhan,emquhanea@nifty.com,Female,92.209.33.189
516,Paolo,Toghill,ptoghilleb@comcast.net,Male,125.203.118.196
517,Flor,Delf,fdelfec@cyberchimps.com,Female,141.101.16.142
518,Andras,Victor,avictored@cnet.com,Genderqueer,227.152.27.253
519,Emory,Harrold,eharroldee@nsw.gov.au,Male,176.58.226.137
520,Roy,Collinette,rcollinetteef@europa.eu,Male,158.6.20.248
521,Yehudi,Carlett,ycarletteg@artisteer.com,Male,116.94.161.47
522,Britney,Allom,ballomeh@hostgator.com,Female,75.198.41.98
523,Fonz,Spurge,fspurgeei@psu.edu,Male,97.129.254.176
524,Eric,MacNeish,emacneishej@free.fr,Male,121.175.110.37
525,Rosabelle,Digges,rdiggesek@google.pl,Female,225.11.132.206
526,Rheta,MacGrath,rmacgrathel@amazon.com,Female,158.130.4.198
527,Clementine,Dealey,cdealeyem@yandex.ru,Female,250.226.35.196
528,Doreen,Demanche,ddemancheen@oakley.com,Female,163.146.111.42
529,Nataniel,Worswick,nworswickeo@nhs.uk,Male,10.84.187.160
530,Claudianus,Kochs,ckochsep@smh.com.au,Male,201.95.57.8
531,Fred,Sterman,fstermaneq@apple.com,Female,127.112.134.146
532,Otto,Beaconsall,obeaconsaller@mozilla.org,Male,87.127.183.128
533,Elsi,Speerman,espeermanes@mit.edu,Female,221.88.163.222
534,Clywd,Southon,csouthonet@engadget.com,Male,199.185.123.185
535,Elvis,Ricard,ericardeu@dot.gov,Male,172.99.109.46
536,Pyotr,Clyde,pclydeev@freewebs.com,Male,52.26.88.129
537,Cristabel,Lampaert,clampaertew@go.com,Female,115.251.12.157
538,Sansone,Prescot,sprescotex@twitter.com,Male,66.166.215.204
539,Saunderson,Filipic,sfilipicey@naver.com,Male,36.115.22.2
540,Rustie,Measor,rmeasorez@mayoclinic.com,Male,216.209.6.178
541,Johanna,Gelly,jgellyf0@google.cn,Female,125.187.184.63
542,Philip,Whittock,pwhittockf1@oaic.gov.au,Male,185.57.126.66
543,Meghann,Hrynczyk,mhrynczykf2@merriam-webster.com,Female,225.224.191.252
544,Dugald,Giriardelli,dgiriardellif3@dagondesign.com,Male,92.203.209.17
545,Munroe,Medforth,mmedforthf4@tumblr.com,Bigender,158.75.248.230
546,Vicky,Wallbanks,vwallbanksf5@intel.com,Female,65.157.98.48
547,Sunny,Heiss,sheissf6@fda.gov,Bigender,49.158.51.240
548,Hobard,Jalland,hjallandf7@goo.gl,Male,167.157.165.31
549,Vinson,Niland,vnilandf8@jugem.jp,Male,38.23.158.17
550,Barthel,McPartlin,bmcpartlinf9@cloudflare.com,Male,44.216.58.163
551,Denys,Leve,dlevefa@google.com,Female,181.58.247.168
552,Margy,Fetherstonhaugh,mfetherstonhaughfb@ucoz.ru,Female,173.44.181.69
553,Noell,Simcock,nsimcockfc@prweb.com,Female,106.77.20.79
554,Maureene,Heining,mheiningfd@illinois.edu,Female,239.100.72.237
555,Kata,Themann,kthemannfe@uol.com.br,Female,126.152.73.69
556,Lawry,Peirce,lpeirceff@skype.com,Male,112.180.183.8
557,Terrence,Cabera,tcaberafg@sourceforge.net,Male,173.72.58.121
558,Zachary,Langham,zlanghamfh@indiatimes.com,Male,68.198.102.207
559,Parnell,Flatman,pflatmanfi@latimes.com,Male,212.125.198.191
560,Kaine,Loughman,kloughmanfj@cornell.edu,Male,202.76.197.192
561,Wood,Pietranek,wpietranekfk@eepurl.com,Male,192.135.3.160
562,Benjamin,Delwater,bdelwaterfl@blogger.com,Male,99.161.189.173
563,Ibbie,Merrgen,imerrgenfm@fastcompany.com,Genderfluid,64.15.82.52
564,Eustacia,Tangye,etangyefn@exblog.jp,Female,12.71.216.118
565,Rafa,Robertacci,rrobertaccifo@cargocollective.com,Female,114.205.38.48
566,Gustaf,Pendlebury,gpendleburyfp@wikispaces.com,Male,253.145.80.157
567,Opaline,Kenford,okenfordfq@theatlantic.com,Female,28.235.222.18
568,Lionello,Jull,ljullfr@t-online.de,Male,152.44.14.49
569,Xenos,Castanho,xcastanhofs@icio.us,Male,121.197.24.2
570,Ode,Hendin,ohendinft@soundcloud.com,Male,142.211.3.138
571,Nollie,Sidaway,nsidawayfu@jugem.jp,Polygender,114.92.22.81
572,Murdoch,Simonich,msimonichfv@discovery.com,Male,198.155.3.233
573,Vasily,Moxted,vmoxtedfw@businessweek.com,Male,94.130.195.191
574,Dorrie,Jewar,djewarfx@baidu.com,Female,179.104.129.97
575,Hatti,Livock,hlivockfy@yale.edu,Female,121.112.87.195
576,Elset,Chetwind,echetwindfz@marketwatch.com,Female,214.45.118.182
577,Aurelie,Childes,achildesg0@rakuten.co.jp,Polygender,161.103.47.76
578,Shena,Drexel,sdrexelg1@weibo.com,Female,254.241.67.120
579,Frederica,Fennelow,ffennelowg2@booking.com,Female,122.16.61.74
580,Dene,Tutchings,dtutchingsg3@cnn.com,Male,112.112.254.45
581,Alfredo,Abrahmer,aabrahmerg4@51.la,Male,169.151.233.121
582,Cecilla,Puller,cpullerg5@cnn.com,Female,26.155.234.14
583,Chas,Dowglass,cdowglassg6@ftc.gov,Male,134.182.170.248
584,Kevin,Anders,kandersg7@theatlantic.com,Male,181.113.102.152
585,Morissa,Ferraretto,mferrarettog8@wikispaces.com,Female,33.111.116.159
586,William,Anker,wankerg9@istockphoto.com,Male,164.38.33.196
587,Cosette,Van Haeften,cvanhaeftenga@wix.com,Female,50.245.62.45
588,Babara,Pettifor,bpettiforgb@cbc.ca,Female,114.37.170.240
589,Cully,Scrivinor,cscrivinorgc@cargocollective.com,Male,64.185.233.158
590,Ward,Beedham,wbeedhamgd@ucoz.ru,Male,238.39.33.99
591,Parnell,Shieldon,pshieldonge@cpanel.net,Male,206.227.48.191
592,Austin,Callan,acallangf@prnewswire.com,Male,115.33.7.81
593,Budd,Billett,bbillettgg@clickbank.net,Male,122.233.231.86
594,Vivie,Lucy,vlucygh@ebay.com,Female,205.160.252.199
595,Annabell,Smy,asmygi@studiopress.com,Female,101.81.144.236
596,Arty,Amburgy,aamburgygj@clickbank.net,Male,178.25.15.34
597,Terrell,Graeme,tgraemegk@istockphoto.com,Male,57.22.99.152
598,Costa,Collete,ccolletegl@wordpress.org,Polygender,216.177.77.46
599,Tori,Bachnic,tbachnicgm@cnet.com,Female,202.208.88.205
600,Guillermo,Jendas,gjendasgn@japanpost.jp,Male,111.100.90.180
601,Virgina,Ferron,vferrongo@oracle.com,Female,124.166.152.0
602,Modestine,Amthor,mamthorgp@marriott.com,Female,81.166.141.41
603,Angelina,Folbigg,afolbigggq@simplemachines.org,Female,129.212.102.205
604,Adolphus,Ollington,aollingtongr@europa.eu,Genderfluid,136.238.93.167
605,Tuck,Dyne,tdynegs@comcast.net,Male,141.177.35.170
606,Aurlie,Wilse,awilsegt@chronoengine.com,Genderfluid,37.180.30.239
607,Patty,Punyer,ppunyergu@list-manage.com,Female,14.117.148.205
608,Lenee,Onthank,lonthankgv@ftc.gov,Female,70.197.127.58
609,Mill,Le Gallo,mlegallogw@cnbc.com,Male,162.57.163.102
610,Sandro,Tremain,stremaingx@omniture.com,Male,244.209.223.74
611,Sonny,Peres,speresgy@home.pl,Male,255.190.196.111
612,Carmel,Proudman,cproudmangz@techcrunch.com,Female,136.243.214.199
613,Vernice,Senior,vseniorh0@hatena.ne.jp,Female,14.142.155.231
614,Iormina,Krystof,ikrystofh1@yolasite.com,Female,102.168.229.104
615,Jacklin,Patrickson,jpatricksonh2@columbia.edu,Female,22.77.129.191
616,Johnette,Laxon,jlaxonh3@fastcompany.com,Female,123.45.188.138
617,Nerte,Langabeer,nlangabeerh4@ed.gov,Female,137.161.206.27
618,Reuven,Shortland,rshortlandh5@independent.co.uk,Male,90.121.176.119
619,Garner,Dilrew,gdilrewh6@salon.com,Male,195.227.220.117
620,Beilul,Struys,bstruysh7@loc.gov,Female,166.181.50.206
621,Fred,Borkin,fborkinh8@spotify.com,Polygender,44.250.177.250
622,Dorisa,Odlin,dodlinh9@vimeo.com,Female,217.158.77.22
623,Gerick,Alven,galvenha@angelfire.com,Male,8.175.235.109
624,Ilyse,Mandell,imandellhb@marriott.com,Female,234.57.0.62
625,Clemens,Bremley,cbremleyhc@webnode.com,Male,126.202.69.171
626,Spike,Cicco,sciccohd@wunderground.com,Male,252.179.46.176
627,Guenna,Butterly,gbutterlyhe@nymag.com,Female,91.171.233.174
628,Sandor,Downage,sdownagehf@theguardian.com,Male,19.74.62.101
629,Pavlov,Odlin,podlinhg@diigo.com,Male,104.147.115.157
630,Libbi,Skeels,lskeelshh@sina.com.cn,Female,74.253.157.107
631,Jan,Dransfield,jdransfieldhi@wikispaces.com,Female,17.0.22.12
632,Michele,Gildersleaves,mgildersleaveshj@freewebs.com,Male,149.202.124.202
633,Florry,Edmands,fedmandshk@ask.com,Female,188.145.54.9
634,Gunther,Kilalea,gkilaleahl@state.tx.us,Male,252.125.179.166
635,Eberto,Roll,erollhm@walmart.com,Male,5.71.237.29
636,Rebbecca,Fronks,rfronkshn@netvibes.com,Female,200.154.157.160
637,Isadore,Pattullo,ipattulloho@vk.com,Male,143.93.16.3
638,Adda,Filipic,afilipichp@list-manage.com,Female,108.134.223.146
639,Clemmie,Jonson,cjonsonhq@accuweather.com,Female,128.127.165.218
640,Burt,Spurge,bspurgehr@ustream.tv,Male,27.6.183.132
641,Gabie,Mary,gmaryhs@gravatar.com,Male,8.224.136.19
642,Paddie,Shadbolt,pshadboltht@webeden.co.uk,Male,175.150.136.92
643,Garrot,Spatig,gspatighu@163.com,Male,213.40.160.76
644,Audie,Gilson,agilsonhv@google.com.br,Female,104.14.160.138
645,Peadar,Toseland,ptoselandhw@sitemeter.com,Male,202.249.251.216
646,Pavel,Sketh,pskethhx@canalblog.com,Genderqueer,188.191.69.77
647,Philippe,Kinchley,pkinchleyhy@usda.gov,Female,242.55.49.30
648,Jone,Bode,jbodehz@webmd.com,Male,149.19.36.179
649,Blake,Remon,bremoni0@walmart.com,Male,124.236.237.43
650,Stevy,Burless,sburlessi1@linkedin.com,Male,194.92.190.124
651,Rawley,Anthona,ranthonai2@google.ru,Male,214.56.134.158
652,Angus,Whetton,awhettoni3@lulu.com,Male,71.83.214.212
653,Athena,Cavet,acaveti4@a8.net,Female,45.114.117.28
654,Blayne,Pryell,bpryelli5@youtube.com,Male,212.79.96.68
655,Kassia,Smuth,ksmuthi6@statcounter.com,Female,153.54.83.158
656,Marleah,Meech,mmeechi7@dedecms.com,Genderqueer,56.153.85.57
657,Gillian,Downing,gdowningi8@opensource.org,Female,39.58.10.219
658,Sherri,Allibone,sallibonei9@whitehouse.gov,Female,235.133.122.102
659,Ileana,Aspling,iasplingia@miitbeian.gov.cn,Female,167.55.189.85
660,Zora,Pitkeathley,zpitkeathleyib@sourceforge.net,Female,170.42.203.230
661,Alley,Giacopini,agiacopiniic@mozilla.com,Male,180.234.207.224
662,Ava,Gurton,agurtonid@sogou.com,Agender,69.248.27.234
663,Jenilee,Haddleton,jhaddletonie@globo.com,Agender,3.163.61.233
664,Laurene,Rodear,lrodearif@tinyurl.com,Non-binary,163.203.239.15
665,Gun,Somerled,gsomerledig@house.gov,Male,14.25.133.152
666,Ward,Giottini,wgiottiniih@whitehouse.gov,Male,222.228.210.121
667,Melinde,Cleaver,mcleaverii@linkedin.com,Female,177.166.57.103
668,Dorian,Robens,drobensij@unicef.org,Female,39.3.232.58
669,Laird,Towler,ltowlerik@hibu.com,Male,91.255.74.174
670,Ferdy,Youngman,fyoungmanil@github.com,Male,42.130.130.24
671,Findlay,Kleingrub,fkleingrubim@cnet.com,Male,138.1.137.107
672,Bobbe,Goulder,bgoulderin@shutterfly.com,Female,180.214.154.158
673,Conni,Rignold,crignoldio@who.int,Female,74.65.70.151
674,Dick,Scogin,dscoginip@abc.net.au,Male,27.136.79.219
675,Agace,Walne,awalneiq@netvibes.com,Female,140.125.107.149
676,Ruy,Cudbertson,rcudbertsonir@twitpic.com,Male,55.192.202.59
677,Xerxes,Martine,xmartineis@webs.com,Male,19.29.26.238
678,Tremaine,Merritt,tmerrittit@twitpic.com,Male,10.215.96.28
679,Ericka,Whitley,ewhitleyiu@usatoday.com,Female,8.230.59.50
680,Laetitia,Caughan,lcaughaniv@networkadvertising.org,Female,167.106.51.158
681,Gilburt,Reihill,greihilliw@etsy.com,Male,242.180.26.149
682,Chryste,Snepp,csneppix@admin.ch,Agender,105.134.13.27
683,Baillie,Grieswood,bgrieswoodiy@usatoday.com,Male,48.141.227.102
684,Barby,Debow,bdebowiz@indiegogo.com,Female,250.244.131.33
685,Carlynne,Pischel,cpischelj0@pinterest.com,Female,107.33.220.164
686,Daile,Wife,dwifej1@sohu.com,Female,255.201.120.6
687,Gwennie,Krikorian,gkrikorianj2@ca.gov,Female,105.50.64.146
688,Faulkner,Dunklee,fdunkleej3@youtu.be,Male,161.225.28.247
689,Ruy,Skechley,rskechleyj4@smugmug.com,Male,112.22.116.73
690,Prentiss,Beards,pbeardsj5@dedecms.com,Male,38.187.127.244
691,Steve,Kroger,skrogerj6@washingtonpost.com,Male,229.217.117.225
692,Honoria,Kayzer,hkayzerj7@uiuc.edu,Female,165.66.168.148
693,Johny,Iredell,jiredellj8@utexas.edu,Male,66.198.134.113
694,Marie-jeanne,Scudamore,mscudamorej9@topsy.com,Female,68.122.32.33
695,Johna,Heggison,jheggisonja@vk.com,Genderqueer,31.61.6.50
696,Ansley,Raigatt,araigattjb@nationalgeographic.com,Female,251.232.184.255
697,Randie,Sapsed,rsapsedjc@biglobe.ne.jp,Male,14.168.213.13
698,Matilde,Jeffcoate,mjeffcoatejd@wikia.com,Female,158.38.208.152
699,Bent,Ouldcott,bouldcottje@yahoo.co.jp,Male,95.91.99.57
700,Gay,McPeice,gmcpeicejf@bloglines.com,Male,97.11.225.190
701,Heath,Imlen,himlenjg@house.gov,Male,158.196.141.169
702,Charisse,Ladbury,cladburyjh@state.tx.us,Female,124.151.137.187
703,Daniel,Gummery,dgummeryji@liveinternet.ru,Male,159.95.80.222
704,Bertram,Holgan,bholganjj@apple.com,Male,4.1.42.7
705,Skippie,Hirtzmann,shirtzmannjk@ca.gov,Male,175.176.165.151
706,Ailene,O'Sheilds,aosheildsjl@stanford.edu,Female,45.15.11.182
707,Carlen,Smalley,csmalleyjm@businessweek.com,Non-binary,131.161.25.227
708,Vernon,Hing,vhingjn@pinterest.com,Male,12.237.24.43
709,Sandie,Sivior,ssiviorjo@g.co,Female,163.23.174.116
710,Florette,Calf,fcalfjp@t-online.de,Female,215.157.74.99
711,Jill,Volkes,jvolkesjq@godaddy.com,Female,218.122.65.38
712,Melicent,Emson,memsonjr@springer.com,Female,72.45.122.62
713,Milena,Renad,mrenadjs@usda.gov,Female,10.29.233.15
714,Alexandr,Mc Andrew,amcandrewjt@virginia.edu,Male,132.33.48.118
715,Aristotle,Schwerin,aschwerinju@dedecms.com,Male,161.37.181.196
716,Lanae,Pipe,lpipejv@webmd.com,Female,245.204.34.54
717,Helene,Rosenstein,hrosensteinjw@issuu.com,Female,26.221.123.30
718,Jule,Bennedick,jbennedickjx@unc.edu,Male,99.133.171.216
719,Ring,Klimschak,rklimschakjy@clickbank.net,Male,51.184.32.183
720,Hamnet,Perview,hperviewjz@mozilla.com,Male,98.192.118.220
721,Ed,Seden,esedenk0@edublogs.org,Male,183.194.234.143
722,Gayel,Lorentzen,glorentzenk1@vistaprint.com,Female,61.217.92.195
723,Ermina,Mularkey,emularkeyk2@fotki.com,Agender,143.126.231.243
724,Kat,Halsho,khalshok3@cocolog-nifty.com,Female,246.44.251.218
725,Shayne,Denizet,sdenizetk4@etsy.com,Male,26.173.91.143
726,Catherine,Walcar,cwalcark5@sun.com,Non-binary,10.20.70.121
727,Cyrill,Dumigan,cdumigank6@hatena.ne.jp,Agender,58.169.198.124
728,Jeralee,Sydenham,jsydenhamk7@indiegogo.com,Genderqueer,220.107.96.76
729,Marena,Kegg,mkeggk8@house.gov,Female,119.77.57.116
730,Meade,Hallihane,mhallihanek9@cocolog-nifty.com,Female,239.191.143.52
731,Dulci,Arling,darlingka@wix.com,Female,95.72.161.149
732,Drud,Edrich,dedrichkb@stumbleupon.com,Male,108.79.143.186
733,Regan,Henrichs,rhenrichskc@bloomberg.com,Female,157.44.242.212
734,Lana,Tumbelty,ltumbeltykd@networksolutions.com,Female,139.68.116.162
735,Sophey,Cathee,scatheeke@icio.us,Female,74.25.201.125
736,Cornela,Monument,cmonumentkf@columbia.edu,Female,170.15.46.158
737,Rolph,Maleck,rmaleckkg@netlog.com,Male,145.64.193.135
738,Hale,Fewlass,hfewlasskh@seattletimes.com,Male,83.140.136.230
739,Ax,Agiolfinger,aagiolfingerki@illinois.edu,Male,105.65.54.22
740,Leodora,Spilsbury,lspilsburykj@xrea.com,Female,215.148.2.48
741,Alasteir,Mashro,amashrokk@weibo.com,Male,0.80.150.60
742,Antonella,Vidineev,avidineevkl@liveinternet.ru,Female,23.236.84.200
743,Jenni,Keijser,jkeijserkm@google.com.hk,Female,40.52.86.21
744,Timotheus,Coundley,tcoundleykn@opensource.org,Male,200.29.31.61
745,Babs,Deeley,bdeeleyko@google.es,Female,119.209.156.226
746,Ranna,MacCarroll,rmaccarrollkp@usda.gov,Female,223.230.86.230
747,Flori,Cardozo,fcardozokq@admin.ch,Female,191.151.152.246
748,Land,Skidmore,lskidmorekr@umich.edu,Male,106.9.71.229
749,Freeland,Shord,fshordks@odnoklassniki.ru,Male,224.107.18.222
750,Agnesse,Pinching,apinchingkt@godaddy.com,Female,202.205.220.39
751,Alisander,Buttress,abuttressku@tripod.com,Male,95.237.78.132
752,Addy,Whyteman,awhytemankv@umich.edu,Male,151.182.249.18
753,Olivia,Mathwen,omathwenkw@tamu.edu,Female,61.67.59.114
754,Germain,Brecknell,gbrecknellkx@dagondesign.com,Female,87.94.90.88
755,Eddie,Hastler,ehastlerky@cloudflare.com,Female,151.180.49.129
756,Keefer,Simonassi,ksimonassikz@51.la,Male,6.183.169.71
757,Francois,Glendining,fglendiningl0@umn.edu,Male,10.84.97.106
758,Estevan,Palluschek,epalluschekl1@ox.ac.uk,Male,116.172.43.164
759,Agnola,Constantinou,aconstantinoul2@artisteer.com,Female,84.157.128.76
760,Toiboid,Byrd,tbyrdl3@tmall.com,Male,217.47.44.244
761,Elonore,Aherne,eahernel4@ftc.gov,Female,145.50.248.39
762,Newton,Spivey,nspiveyl5@wikispaces.com,Male,152.133.42.112
763,Cory,Pinnock,cpinnockl6@cdc.gov,Female,134.246.88.135
764,Pegeen,Le feaver,plefeaverl7@angelfire.com,Female,190.150.150.229
765,Antonia,Kach,akachl8@craigslist.org,Female,254.160.129.251
766,Raviv,Pennings,rpenningsl9@unicef.org,Bigender,195.105.80.107
767,Halli,Oakland,hoaklandla@senate.gov,Genderfluid,2.61.15.188
768,Roseanne,Agirre,ragirrelb@cbsnews.com,Female,225.41.133.249
769,Roxane,Sagg,rsagglc@istockphoto.com,Female,169.160.40.138
770,Marlena,Whiteland,mwhitelandld@odnoklassniki.ru,Female,75.27.121.177
771,Yorgo,Royston,yroystonle@xing.com,Male,138.51.183.235
772,Baryram,Casetta,bcasettalf@dyndns.org,Male,127.224.254.36
773,Derrik,Butteris,dbutterislg@google.co.uk,Male,216.43.126.140
774,Aurea,Maddinon,amaddinonlh@house.gov,Female,118.119.189.146
775,Lurlene,Mertel,lmertelli@rakuten.co.jp,Female,196.11.129.180
776,Will,Cutress,wcutresslj@europa.eu,Male,250.176.124.83
777,Derrek,Mc Dermid,dmcdermidlk@dailymail.co.uk,Male,107.1.125.52
778,Rodge,Chivers,rchiversll@nydailynews.com,Male,244.104.254.73
779,Fergus,McGeaney,fmcgeaneylm@xinhuanet.com,Male,221.58.233.141
780,Guilbert,Gardiner,ggardinerln@weather.com,Male,17.23.8.129
781,Doroteya,Aldwinckle,daldwincklelo@ow.ly,Female,178.198.156.91
782,Marketa,Lampl,mlampllp@aboutads.info,Female,20.163.73.146
783,Skell,Matley,smatleylq@nasa.gov,Male,111.193.155.172
784,Shep,Slyne,sslynelr@alibaba.com,Male,210.148.20.32
785,Georges,Ollett,gollettls@hatena.ne.jp,Polygender,248.144.107.62
786,Alexandrina,Beldam,abeldamlt@nsw.gov.au,Female,59.129.57.51
787,Rawley,Ragate,rragatelu@phpbb.com,Male,110.161.1.6
788,Artemis,Cheek,acheeklv@wsj.com,Male,125.203.27.159
789,Florentia,Valencia,fvalencialw@google.nl,Female,112.4.198.116
790,Vanya,Gale,vgalelx@51.la,Female,170.231.173.95
791,Sherye,Lanaway,slanawayly@columbia.edu,Female,254.241.239.147
792,Glenn,Brettle,gbrettlelz@zimbio.com,Male,103.125.183.112
793,Billie,Coatman,bcoatmanm0@netlog.com,Female,56.188.205.21
794,Becka,Knyvett,bknyvettm1@nationalgeographic.com,Female,10.107.145.11
795,Mollee,Fulloway,mfullowaym2@lycos.com,Female,203.66.199.244
796,Cory,Coulthard,ccoulthardm3@xrea.com,Male,22.54.21.148
797,Bryn,Tapply,btapplym4@auda.org.au,Female,65.65.139.194
798,Tracee,Lowrance,tlowrancem5@seattletimes.com,Female,252.93.108.40
799,Darrelle,Leachman,dleachmanm6@hibu.com,Female,132.118.34.179
800,Federico,Harkus,fharkusm7@google.com.br,Non-binary,176.183.239.208
801,Yvette,Teece,yteecem8@cyberchimps.com,Female,52.187.205.151
802,Davina,Ocklin,docklinm9@wiley.com,Female,141.235.224.224
803,Sayer,Haskur,shaskurma@booking.com,Genderfluid,171.98.77.180
804,Kate,Ingamells,kingamellsmb@stanford.edu,Polygender,110.255.25.19
805,Burton,Blything,bblythingmc@huffingtonpost.com,Male,7.132.164.139
806,Celeste,Mogridge,cmogridgemd@youku.com,Female,117.232.28.50
807,Brandi,Winsbury,bwinsburyme@marriott.com,Female,74.8.240.218
808,Lynn,Annand,lannandmf@edublogs.org,Female,169.7.94.180
809,Paquito,Cud,pcudmg@mail.ru,Male,189.188.254.66
810,Carter,Fairfoul,cfairfoulmh@latimes.com,Male,246.213.156.209
811,Hurley,Douthwaite,hdouthwaitemi@ovh.net,Male,65.201.165.37
812,Horst,Haddleton,hhaddletonmj@netscape.com,Male,84.179.195.120
813,Vivyanne,Santarelli,vsantarellimk@exblog.jp,Female,213.253.201.202
814,Mano,Beldon,mbeldonml@t.co,Male,235.126.28.134
815,Sibylla,Kneal,sknealmm@huffingtonpost.com,Female,189.223.69.38
816,Sunny,Vile,svilemn@histats.com,Female,24.181.12.238
817,Mandel,Pettigrew,mpettigrewmo@discovery.com,Male,60.196.140.255
818,Verena,Crann,vcrannmp@fema.gov,Female,238.174.245.14
819,Corilla,Duggan,cdugganmq@scientificamerican.com,Female,59.37.151.45
820,Otho,Grier,ogriermr@jalbum.net,Male,121.250.53.161
821,Krishnah,Leon,kleonms@lulu.com,Male,134.42.246.20
822,Keeley,Ferrige,kferrigemt@go.com,Female,59.214.201.160
823,Mae,Swaddle,mswaddlemu@indiatimes.com,Female,63.171.209.177
824,Myrvyn,Prescott,mprescottmv@sfgate.com,Male,235.35.232.44
825,Mellie,Bock,mbockmw@creativecommons.org,Female,236.175.111.228
826,Harman,Purvis,hpurvismx@elegantthemes.com,Male,187.192.70.50
827,Abbey,Bartolomucci,abartolomuccimy@newsvine.com,Female,8.56.190.181
828,Lida,Earlam,learlammz@dyndns.org,Genderqueer,158.144.53.110
829,Llywellyn,Sawnwy,lsawnwyn0@mac.com,Male,224.164.208.255
830,Lindsay,Warbys,lwarbysn1@icio.us,Female,16.40.46.161
831,Mahalia,Hammon,mhammonn2@dot.gov,Female,189.52.240.52
832,Frederik,Gowman,fgowmann3@php.net,Male,113.201.18.134
833,Lyndsey,Cattle,lcattlen4@prnewswire.com,Female,109.230.134.146
834,Willie,Proske,wprosken5@intel.com,Male,223.134.82.21
835,Nicholas,Zanicchelli,nzanicchellin6@sohu.com,Non-binary,94.190.209.254
836,Jocko,Wayte,jwayten7@csmonitor.com,Male,152.230.159.103
837,Samuele,Kitteman,skittemann8@hc360.com,Male,11.194.252.6
838,Clayton,Reilinger,creilingern9@ed.gov,Male,41.188.109.32
839,Brooks,Zahor,bzahorna@geocities.com,Polygender,240.59.3.91
840,Dorelle,Geoghegan,dgeoghegannb@godaddy.com,Female,200.242.169.73
841,Jasen,Trevains,jtrevainsnc@businesswire.com,Male,61.242.92.8
842,Sean,Fearnsides,sfearnsidesnd@freewebs.com,Male,85.220.211.80
843,Paddie,Pullen,ppullenne@hubpages.com,Male,53.179.226.137
844,Ferrel,Teal,ftealnf@virginia.edu,Male,136.79.107.221
845,Hermie,Terzza,hterzzang@craigslist.org,Male,179.75.12.130
846,Ameline,Farrens,afarrensnh@indiegogo.com,Female,218.102.118.10
847,Freda,Vesco,fvesconi@360.cn,Female,241.234.248.203
848,Craig,Downage,cdownagenj@weather.com,Male,158.103.79.101
849,Bev,Bernardot,bbernardotnk@ucoz.ru,Female,58.195.28.59
850,Tallie,Cattle,tcattlenl@vistaprint.com,Female,241.102.75.94
851,Egbert,Cars,ecarsnm@phpbb.com,Male,179.119.69.236
852,Perl,Malan,pmalannn@stanford.edu,Bigender,151.89.139.100
853,King,Leek,kleekno@mit.edu,Male,208.78.64.175
854,Candace,Manuello,cmanuellonp@amazon.co.jp,Female,10.58.41.92
855,Abby,Brazenor,abrazenornq@ucla.edu,Male,231.252.239.99
856,Korney,Haldon,khaldonnr@sbwire.com,Female,162.236.210.51
857,Alphonse,Innes,ainnesns@rakuten.co.jp,Male,173.132.10.219
858,Sally,Kilius,skiliusnt@slideshare.net,Female,49.217.155.185
859,Mickie,Ridesdale,mridesdalenu@ft.com,Female,54.103.117.57
860,Maggi,Buttress,mbuttressnv@bbc.co.uk,Female,100.229.35.69
861,Dulcie,O'Hengerty,dohengertynw@live.com,Female,133.135.149.15
862,Annalise,Hurkett,ahurkettnx@bbb.org,Female,27.52.221.149
863,Tucky,Lauritsen,tlauritsenny@samsung.com,Male,150.60.52.229
864,Lissi,Hellings,lhellingsnz@netlog.com,Female,159.84.201.203
865,Daniele,Burborough,dburborougho0@jugem.jp,Female,243.209.37.179
866,Heywood,Rosenshine,hrosenshineo1@opera.com,Male,15.20.250.82
867,Sully,Tillerton,stillertono2@msn.com,Male,150.190.43.163
868,August,Durkin,adurkino3@harvard.edu,Male,66.156.246.116
869,Morly,Boutell,mboutello4@lycos.com,Male,67.136.28.148
870,Sauncho,Longina,slonginao5@geocities.jp,Male,148.76.54.118
871,Chickie,Vasentsov,cvasentsovo6@myspace.com,Male,94.153.254.63
872,Lauren,Chrismas,lchrismaso7@bloglines.com,Female,177.57.23.91
873,Marlo,Beacroft,mbeacrofto8@wsj.com,Male,179.190.245.26
874,Muhammad,Mardlin,mmardlino9@mlb.com,Male,201.52.236.44
875,Maurice,Ilyushkin,milyushkinoa@usnews.com,Genderfluid,202.64.64.126
876,Igor,Extal,iextalob@reuters.com,Male,164.119.168.89
877,Carlie,Brandolini,cbrandolinioc@si.edu,Male,154.33.157.100
878,Shandra,Spriggen,sspriggenod@bloglovin.com,Female,148.38.148.190
879,Ferd,Van Vuuren,fvanvuurenoe@squarespace.com,Male,113.80.217.86
880,Luigi,Geroldi,lgeroldiof@independent.co.uk,Male,118.212.201.53
881,Jenilee,Wilmot,jwilmotog@amazon.co.uk,Female,242.254.131.133
882,Marv,Eastabrook,meastabrookoh@dagondesign.com,Male,198.80.131.228
883,Trueman,Jenkinson,tjenkinsonoi@ameblo.jp,Male,28.100.81.95
884,Kiley,Etchell,ketchelloj@microsoft.com,Female,252.10.202.49
885,Meggy,Northway,mnorthwayok@woothemes.com,Female,211.85.164.99
886,Trever,Blount,tblountol@smh.com.au,Male,98.105.230.181
887,Janith,Lough,jloughom@amazon.co.jp,Female,251.237.99.106
888,Kristofer,O'Hegertie,kohegertieon@jalbum.net,Male,86.69.245.77
889,Ainsley,Bruinsma,abruinsmaoo@homestead.com,Bigender,243.115.68.32
890,Chiarra,Dobbings,cdobbingsop@usda.gov,Female,79.214.128.243
891,Christabella,Peschet,cpeschetoq@addthis.com,Female,188.42.225.194
892,Loydie,Kleuer,lkleueror@nydailynews.com,Male,242.166.114.37
893,Eberto,Dearing,edearingos@elegantthemes.com,Male,190.71.60.161
894,Lilas,Agronski,lagronskiot@uol.com.br,Female,82.177.7.248
895,Bernhard,Mee,bmeeou@symantec.com,Male,152.22.83.139
896,Caitlin,Lattey,clatteyov@guardian.co.uk,Female,164.81.170.107
897,Phyllida,Beran,pberanow@businessweek.com,Female,19.156.17.110
898,Sigfrid,Iacomo,siacomoox@cnn.com,Male,38.103.124.157
899,Michaela,Atwell,matwelloy@merriam-webster.com,Female,84.230.90.58
900,Aurel,Bruins,abruinsoz@craigslist.org,Agender,93.81.38.116
901,Morty,McTrusty,mmctrustyp0@yellowpages.com,Male,77.244.121.242
902,Loria,Larive,llarivep1@w3.org,Female,205.224.124.92
903,Paola,Steiner,psteinerp2@a8.net,Female,14.137.111.41
904,Dene,Perri,dperrip3@earthlink.net,Male,143.43.152.98
905,Winne,Ethelstone,wethelstonep4@icio.us,Female,41.9.199.74
906,Georgeanne,Roadknight,groadknightp5@goodreads.com,Female,224.248.69.203
907,Ingunna,Izac,iizacp6@usda.gov,Female,128.190.211.11
908,Mallory,Gillison,mgillisonp7@usa.gov,Male,114.28.13.168
909,Beaufort,Pittendreigh,bpittendreighp8@independent.co.uk,Male,240.195.150.157
910,Gerek,Frontczak,gfrontczakp9@cyberchimps.com,Male,207.191.89.153
911,Catina,O'Nowlan,conowlanpa@ucsd.edu,Female,40.106.254.102
912,Skipper,Mitcham,smitchampb@topsy.com,Male,135.255.75.13
913,Steward,Denisot,sdenisotpc@dot.gov,Polygender,242.133.162.59
914,Lynelle,Crampton,lcramptonpd@cafepress.com,Female,89.190.240.160
915,Gualterio,Iggalden,giggaldenpe@cnbc.com,Male,127.215.38.184
916,Imogene,Pulhoster,ipulhosterpf@is.gd,Agender,246.10.57.162
917,Luella,Waszczykowski,lwaszczykowskipg@blogger.com,Female,184.2.128.8
918,Lanita,Del Dello,ldeldelloph@behance.net,Female,5.82.144.115
919,Whit,Deeney,wdeeneypi@disqus.com,Male,226.169.214.95
920,Thane,Siehard,tsiehardpj@list-manage.com,Male,232.154.19.144
921,Georg,Turnell,gturnellpk@51.la,Male,54.104.34.248
922,Delcine,Bowen,dbowenpl@slashdot.org,Female,162.11.129.75
923,Tim,MacRonald,tmacronaldpm@icio.us,Male,234.114.92.67
924,Josi,Ervine,jervinepn@spiegel.de,Female,229.248.154.181
925,Onofredo,Diffley,odiffleypo@sfgate.com,Male,6.74.140.51
926,Mortie,Osgodby,mosgodbypp@cisco.com,Male,198.229.170.76
927,Donalt,Heilds,dheildspq@sina.com.cn,Male,172.199.241.243
928,Steffi,Janny,sjannypr@cdc.gov,Female,215.77.115.132
929,Ari,Lanchbury,alanchburyps@4shared.com,Male,199.190.60.245
930,Laraine,Bartul,lbartulpt@geocities.com,Female,44.232.85.16
931,Ulric,Tadgell,utadgellpu@last.fm,Male,81.107.34.212
932,Lorelle,O' Clovan,loclovanpv@usgs.gov,Bigender,103.146.115.116
933,Micah,Churn,mchurnpw@bing.com,Male,96.204.107.239
934,Gwenora,Siley,gsileypx@simplemachines.org,Female,202.234.245.148
935,Baily,Dreger,bdregerpy@istockphoto.com,Male,49.193.144.211
936,Ware,Blackstock,wblackstockpz@example.com,Male,139.176.206.232
937,Travis,Gilyatt,tgilyattq0@hud.gov,Male,195.81.150.159
938,Zelig,Runcie,zruncieq1@sourceforge.net,Male,71.162.248.173
939,Joey,Barnet,jbarnetq2@microsoft.com,Male,247.227.23.29
940,Itch,St. Paul,istpaulq3@independent.co.uk,Male,189.10.44.106
941,Doralia,Ride,drideq4@goo.ne.jp,Female,76.19.24.225
942,Garnette,Buckner,gbucknerq5@tamu.edu,Female,84.44.89.168
943,Shoshanna,Colkett,scolkettq6@ifeng.com,Female,68.106.231.9
944,Connie,Hanshawe,chanshaweq7@list-manage.com,Male,79.80.52.70
945,Wilburt,Giorgi,wgiorgiq8@printfriendly.com,Male,189.139.115.214
946,Cosmo,Sargood,csargoodq9@sphinn.com,Male,198.86.161.237
947,Noelyn,Overy,noveryqa@state.gov,Female,216.51.82.182
948,Larissa,Landell,llandellqb@phpbb.com,Female,175.223.219.75
949,Husein,Test,htestqc@google.es,Polygender,202.196.11.238
950,Connie,Cabera,ccaberaqd@amazon.co.uk,Male,13.206.89.59
951,Sayre,MacFarlan,smacfarlanqe@examiner.com,Male,5.64.59.203
952,Alameda,Cumo,acumoqf@cornell.edu,Female,99.186.38.210
953,Charis,Pennetta,cpennettaqg@amazon.co.uk,Female,205.92.59.173
954,Daniela,Latch,dlatchqh@tripod.com,Non-binary,218.27.170.54
955,Eden,Langfitt,elangfittqi@blogger.com,Female,169.107.220.227
956,Wolfgang,A'Barrow,wabarrowqj@nymag.com,Male,66.119.130.41
957,Matthiew,Fitzsimons,mfitzsimonsqk@about.me,Male,172.153.121.130
958,Bayard,Blackburne,bblackburneql@skype.com,Male,169.224.183.37
959,Shelby,Jammes,sjammesqm@dion.ne.jp,Female,146.211.143.87
960,Martina,Fieldhouse,mfieldhouseqn@barnesandnoble.com,Female,248.113.21.231
961,Kris,Skipsey,kskipseyqo@ifeng.com,Female,51.116.151.58
962,Eugine,Cheston,echestonqp@nba.com,Female,76.4.151.10
963,Rockey,Didsbury,rdidsburyqq@mail.ru,Male,7.94.101.130
964,Nicko,Bartles,nbartlesqr@cyberchimps.com,Male,96.227.72.181
965,Celesta,Whilde,cwhildeqs@cnn.com,Female,3.195.208.119
966,Melissa,Wild,mwildqt@xrea.com,Female,81.142.100.186
967,Zebulen,Ealam,zealamqu@e-recht24.de,Male,178.178.178.16
968,Vivien,Merrgan,vmerrganqv@ocn.ne.jp,Genderfluid,196.207.226.236
969,Querida,Gronow,qgronowqw@scientificamerican.com,Female,197.172.187.195
970,Mallissa,Shivell,mshivellqx@skyrock.com,Female,135.85.210.10
971,Andree,Ivanin,aivaninqy@gov.uk,Female,150.95.48.7
972,Chickie,Janatka,cjanatkaqz@cdc.gov,Female,197.81.105.197
973,Celia,Bishell,cbishellr0@adobe.com,Female,58.122.169.98
974,Layton,Alfonsini,lalfonsinir1@wikia.com,Polygender,79.172.176.155
975,Portia,Rabl,prablr2@answers.com,Female,63.89.209.141
976,Ammamaria,Krystof,akrystofr3@psu.edu,Female,27.171.255.27
977,Helga,Crolly,hcrollyr4@dedecms.com,Female,6.168.179.225
978,Lory,Abarough,labaroughr5@dmoz.org,Female,14.187.158.72
979,Nannie,Pietzker,npietzkerr6@amazon.com,Female,18.149.246.28
980,Juana,Perham,jperhamr7@domainmarket.com,Bigender,69.176.120.197
981,Bill,Mapletoft,bmapletoftr8@cnbc.com,Female,161.29.104.47
982,Romonda,Houseago,rhouseagor9@mozilla.org,Female,193.132.100.184
983,Cher,Duddin,cduddinra@ovh.net,Bigender,210.79.162.180
984,Edeline,Bird,ebirdrb@hibu.com,Female,174.156.173.156
985,Myron,Goodacre,mgoodacrerc@narod.ru,Male,178.76.45.91
986,Zonda,Davidescu,zdavidescurd@tumblr.com,Female,83.70.44.233
987,Coreen,Josskoviz,cjosskovizre@princeton.edu,Female,184.112.198.52
988,Dene,Edlyn,dedlynrf@google.ca,Male,6.231.169.188
989,Jenn,Proby,jprobyrg@gov.uk,Bigender,69.40.161.164
990,Gayle,Tidd,gtiddrh@hatena.ne.jp,Male,90.73.232.3
991,Mychal,Sallis,msallisri@51.la,Male,135.87.203.31
992,Reginauld,Hews,rhewsrj@bluehost.com,Male,18.3.41.78
993,Avigdor,Gurnay,agurnayrk@google.cn,Male,38.106.77.146
994,Abra,Ringrose,aringroserl@berkeley.edu,Female,32.123.84.66
995,Shep,Tretwell,stretwellrm@xing.com,Male,234.227.31.108
996,Alexis,Eastwood,aeastwoodrn@oaic.gov.au,Female,218.68.185.70
997,Joly,Kaye,jkayero@google.pl,Female,195.22.218.235
998,Zsazsa,Jacobowits,zjacobowitsrp@mysql.com,Female,159.118.111.160
999,Fidelio,Lambourne,flambournerq@livejournal.com,Male,217.86.198.51
1000,Karmen,Anthonies,kanthoniesrr@fotki.com,Female,128.183.68.187
